date,year,season,RONI
1950-01,1950,DJF,-1.5
1950-02,1950,JFM,-1.3
1950-03,1950,FMA,-1.1
1950-04,1950,MAM,-1.1
1950-05,1950,AMJ,-1.0
1950-06,1950,MJJ,-0.7
1950-07,1950,JJA,-0.4
1950-08,1950,JAS,-0.2
1950-09,1950,ASO,-0.2
1950-10,1950,SON,-0.3
1950-11,1950,OND,-0.4
1950-12,1950,NDJ,-0.6
1951-01,1951,DJF,-0.5
1951-02,1951,JFM,-0.2
1951-03,1951,FMA,0.3
1951-04,1951,MAM,0.6
1951-05,1951,AMJ,0.6
1951-06,1951,MJJ,0.7
1951-07,1951,JJA,0.7
1951-08,1951,JAS,0.8
1951-09,1951,ASO,0.9
1951-10,1951,SON,1.0
1951-11,1951,OND,0.9
1951-12,1951,NDJ,0.8
1952-01,1952,DJF,0.6
1952-02,1952,JFM,0.4
1952-03,1952,FMA,0.4
1952-04,1952,MAM,0.4
1952-05,1952,AMJ,0.3
1952-06,1952,MJJ,0.1
1952-07,1952,JJA,0.0
1952-08,1952,JAS,0.0
1952-09,1952,ASO,0.1
1952-10,1952,SON,0.0
1952-11,1952,OND,0.0
1952-12,1952,NDJ,0.2
1953-01,1953,DJF,0.5
1953-02,1953,JFM,0.8
1953-03,1953,FMA,0.8
1953-04,1953,MAM,0.8
1953-05,1953,AMJ,0.8
1953-06,1953,MJJ,0.8
1953-07,1953,JJA,0.7
1953-08,1953,JAS,0.7
1953-09,1953,ASO,0.7
1953-10,1953,SON,0.8
1953-11,1953,OND,0.8
1953-12,1953,NDJ,0.9
1954-01,1954,DJF,1.0
1954-02,1954,JFM,0.7
1954-03,1954,FMA,0.1
1954-04,1954,MAM,-0.2
1954-05,1954,AMJ,-0.3
1954-06,1954,MJJ,-0.3
1954-07,1954,JJA,-0.5
1954-08,1954,JAS,-0.7
1954-09,1954,ASO,-0.8
1954-10,1954,SON,-0.7
1954-11,1954,OND,-0.6
1954-12,1954,NDJ,-0.4
1955-01,1955,DJF,-0.4
1955-02,1955,JFM,-0.3
1955-03,1955,FMA,-0.3
1955-04,1955,MAM,-0.4
1955-05,1955,AMJ,-0.4
1955-06,1955,MJJ,-0.4
1955-07,1955,JJA,-0.4
1955-08,1955,JAS,-0.6
1955-09,1955,ASO,-1.0
1955-10,1955,SON,-1.4
1955-11,1955,OND,-1.6
1955-12,1955,NDJ,-1.3
1956-01,1956,DJF,-0.7
1956-02,1956,JFM,-0.3
1956-03,1956,FMA,-0.2
1956-04,1956,MAM,-0.1
1956-05,1956,AMJ,0.0
1956-06,1956,MJJ,-0.1
1956-07,1956,JJA,-0.3
1956-08,1956,JAS,-0.3
1956-09,1956,ASO,-0.3
1956-10,1956,SON,-0.3
1956-11,1956,OND,-0.4
1956-12,1956,NDJ,-0.2
1957-01,1957,DJF,0.0
1957-02,1957,JFM,0.4
1957-03,1957,FMA,0.7
1957-04,1957,MAM,1.0
1957-05,1957,AMJ,1.1
1957-06,1957,MJJ,1.2
1957-07,1957,JJA,1.2
1957-08,1957,JAS,1.3
1957-09,1957,ASO,1.2
1957-10,1957,SON,1.3
1957-11,1957,OND,1.5
1957-12,1957,NDJ,1.9
1958-01,1958,DJF,2.0
1958-02,1958,JFM,1.9
1958-03,1958,FMA,1.4
1958-04,1958,MAM,1.1
1958-05,1958,AMJ,0.8
1958-06,1958,MJJ,0.7
1958-07,1958,JJA,0.5
1958-08,1958,JAS,0.3
1958-09,1958,ASO,0.2
1958-10,1958,SON,0.3
1958-11,1958,OND,0.4
1958-12,1958,NDJ,0.7
1959-01,1959,DJF,0.8
1959-02,1959,JFM,0.8
1959-03,1959,FMA,0.7
1959-04,1959,MAM,0.4
1959-05,1959,AMJ,0.3
1959-06,1959,MJJ,-0.1
1959-07,1959,JJA,-0.2
1959-08,1959,JAS,-0.4
1959-09,1959,ASO,-0.3
1959-10,1959,SON,-0.3
1959-11,1959,OND,-0.1
1959-12,1959,NDJ,0.0
1960-01,1960,DJF,0.0
1960-02,1960,JFM,0.0
1960-03,1960,FMA,0.0
1960-04,1960,MAM,0.1
1960-05,1960,AMJ,0.1
1960-06,1960,MJJ,0.0
1960-07,1960,JJA,0.1
1960-08,1960,JAS,0.2
1960-09,1960,ASO,0.2
1960-10,1960,SON,0.1
1960-11,1960,OND,0.0
1960-12,1960,NDJ,0.0
1961-01,1961,DJF,0.1
1961-02,1961,JFM,0.1
1961-03,1961,FMA,0.0
1961-04,1961,MAM,0.1
1961-05,1961,AMJ,0.3
1961-06,1961,MJJ,0.3
1961-07,1961,JJA,0.2
1961-08,1961,JAS,-0.1
1961-09,1961,ASO,-0.3
1961-10,1961,SON,-0.3
1961-11,1961,OND,-0.2
1961-12,1961,NDJ,-0.1
1962-01,1962,DJF,-0.1
1962-02,1962,JFM,-0.1
1962-03,1962,FMA,-0.1
1962-04,1962,MAM,-0.2
1962-05,1962,AMJ,-0.3
1962-06,1962,MJJ,-0.2
1962-07,1962,JJA,-0.1
1962-08,1962,JAS,-0.2
1962-09,1962,ASO,-0.2
1962-10,1962,SON,-0.4
1962-11,1962,OND,-0.5
1962-12,1962,NDJ,-0.5
1963-01,1963,DJF,-0.4
1963-02,1963,JFM,-0.1
1963-03,1963,FMA,0.2
1963-04,1963,MAM,0.2
1963-05,1963,AMJ,0.2
1963-06,1963,MJJ,0.4
1963-07,1963,JJA,0.7
1963-08,1963,JAS,1.0
1963-09,1963,ASO,1.0
1963-10,1963,SON,1.1
1963-11,1963,OND,1.2
1963-12,1963,NDJ,1.3
1964-01,1964,DJF,1.1
1964-02,1964,JFM,0.7
1964-03,1964,FMA,0.1
1964-04,1964,MAM,-0.4
1964-05,1964,AMJ,-0.6
1964-06,1964,MJJ,-0.6
1964-07,1964,JJA,-0.6
1964-08,1964,JAS,-0.6
1964-09,1964,ASO,-0.7
1964-10,1964,SON,-0.8
1964-11,1964,OND,-0.7
1964-12,1964,NDJ,-0.5
1965-01,1965,DJF,-0.2
1965-02,1965,JFM,0.1
1965-03,1965,FMA,0.2
1965-04,1965,MAM,0.4
1965-05,1965,AMJ,0.6
1965-06,1965,MJJ,1.0
1965-07,1965,JJA,1.4
1965-08,1965,JAS,1.7
1965-09,1965,ASO,1.9
1965-10,1965,SON,2.0
1965-11,1965,OND,2.0
1965-12,1965,NDJ,1.9
1966-01,1966,DJF,1.7
1966-02,1966,JFM,1.5
1966-03,1966,FMA,1.3
1966-04,1966,MAM,0.9
1966-05,1966,AMJ,0.5
1966-06,1966,MJJ,0.3
1966-07,1966,JJA,0.3
1966-08,1966,JAS,0.1
1966-09,1966,ASO,0.0
1966-10,1966,SON,-0.1
1966-11,1966,OND,-0.1
1966-12,1966,NDJ,-0.2
1967-01,1967,DJF,-0.2
1967-02,1967,JFM,-0.2
1967-03,1967,FMA,-0.4
1967-04,1967,MAM,-0.4
1967-05,1967,AMJ,-0.2
1967-06,1967,MJJ,0.2
1967-07,1967,JJA,0.3
1967-08,1967,JAS,0.1
1967-09,1967,ASO,0.0
1967-10,1967,SON,-0.1
1967-11,1967,OND,0.0
1967-12,1967,NDJ,0.0
1968-01,1968,DJF,-0.2
1968-02,1968,JFM,-0.3
1968-03,1968,FMA,-0.3
1968-04,1968,MAM,-0.2
1968-05,1968,AMJ,0.2
1968-06,1968,MJJ,0.5
1968-07,1968,JJA,0.7
1968-08,1968,JAS,0.6
1968-09,1968,ASO,0.5
1968-10,1968,SON,0.6
1968-11,1968,OND,0.8
1968-12,1968,NDJ,1.1
1969-01,1969,DJF,1.2
1969-02,1969,JFM,1.1
1969-03,1969,FMA,0.9
1969-04,1969,MAM,0.5
1969-05,1969,AMJ,0.4
1969-06,1969,MJJ,0.2
1969-07,1969,JJA,0.2
1969-08,1969,JAS,0.4
1969-09,1969,ASO,0.7
1969-10,1969,SON,0.8
1969-11,1969,OND,0.7
1969-12,1969,NDJ,0.6
1970-01,1970,DJF,0.5
1970-02,1970,JFM,0.3
1970-03,1970,FMA,0.3
1970-04,1970,MAM,0.1
1970-05,1970,AMJ,0.0
1970-06,1970,MJJ,-0.3
1970-07,1970,JJA,-0.6
1970-08,1970,JAS,-0.7
1970-09,1970,ASO,-0.7
1970-10,1970,SON,-0.6
1970-11,1970,OND,-0.7
1970-12,1970,NDJ,-0.9
1971-01,1971,DJF,-1.0
1971-02,1971,JFM,-1.0
1971-03,1971,FMA,-0.8
1971-04,1971,MAM,-0.6
1971-05,1971,AMJ,-0.5
1971-06,1971,MJJ,-0.4
1971-07,1971,JJA,-0.4
1971-08,1971,JAS,-0.4
1971-09,1971,ASO,-0.5
1971-10,1971,SON,-0.5
1971-11,1971,OND,-0.5
1971-12,1971,NDJ,-0.5
1972-01,1972,DJF,-0.3
1972-02,1972,JFM,0.0
1972-03,1972,FMA,0.4
1972-04,1972,MAM,0.8
1972-05,1972,AMJ,0.9
1972-06,1972,MJJ,1.1
1972-07,1972,JJA,1.3
1972-08,1972,JAS,1.5
1972-09,1972,ASO,1.7
1972-10,1972,SON,2.0
1972-11,1972,OND,2.2
1972-12,1972,NDJ,2.3
1973-01,1973,DJF,2.0
1973-02,1973,JFM,1.4
1973-03,1973,FMA,0.6
1973-04,1973,MAM,-0.2
1973-05,1973,AMJ,-0.8
1973-06,1973,MJJ,-1.1
1973-07,1973,JJA,-1.2
1973-08,1973,JAS,-1.4
1973-09,1973,ASO,-1.5
1973-10,1973,SON,-1.8
1973-11,1973,OND,-1.9
1973-12,1973,NDJ,-1.9
1974-01,1974,DJF,-1.5
1974-02,1974,JFM,-1.2
1974-03,1974,FMA,-0.9
1974-04,1974,MAM,-0.9
1974-05,1974,AMJ,-0.8
1974-06,1974,MJJ,-0.6
1974-07,1974,JJA,-0.4
1974-08,1974,JAS,-0.2
1974-09,1974,ASO,-0.2
1974-10,1974,SON,-0.4
1974-11,1974,OND,-0.4
1974-12,1974,NDJ,-0.2
1975-01,1975,DJF,-0.1
1975-02,1975,JFM,-0.1
1975-03,1975,FMA,-0.3
1975-04,1975,MAM,-0.5
1975-05,1975,AMJ,-0.6
1975-06,1975,MJJ,-0.8
1975-07,1975,JJA,-0.9
1975-08,1975,JAS,-0.9
1975-09,1975,ASO,-1.0
1975-10,1975,SON,-1.0
1975-11,1975,OND,-1.1
1975-12,1975,NDJ,-1.1
1976-01,1976,DJF,-1.0
1976-02,1976,JFM,-0.6
1976-03,1976,FMA,-0.3
1976-04,1976,MAM,-0.1
1976-05,1976,AMJ,0.0
1976-06,1976,MJJ,0.2
1976-07,1976,JJA,0.5
1976-08,1976,JAS,0.7
1976-09,1976,ASO,0.9
1976-10,1976,SON,1.1
1976-11,1976,OND,1.1
1976-12,1976,NDJ,1.1
1977-01,1977,DJF,1.0
1977-02,1977,JFM,0.9
1977-03,1977,FMA,0.5
1977-04,1977,MAM,0.3
1977-05,1977,AMJ,0.2
1977-06,1977,MJJ,0.4
1977-07,1977,JJA,0.4
1977-08,1977,JAS,0.6
1977-09,1977,ASO,0.8
1977-10,1977,SON,1.0
1977-11,1977,OND,1.1
1977-12,1977,NDJ,1.1
1978-01,1978,DJF,0.9
1978-02,1978,JFM,0.6
1978-03,1978,FMA,0.1
1978-04,1978,MAM,-0.2
1978-05,1978,AMJ,-0.4
1978-06,1978,MJJ,-0.3
1978-07,1978,JJA,-0.3
1978-08,1978,JAS,-0.3
1978-09,1978,ASO,-0.2
1978-10,1978,SON,0.0
1978-11,1978,OND,0.2
1978-12,1978,NDJ,0.2
1979-01,1979,DJF,0.2
1979-02,1979,JFM,0.2
1979-03,1979,FMA,0.2
1979-04,1979,MAM,0.2
1979-05,1979,AMJ,0.1
1979-06,1979,MJJ,-0.1
1979-07,1979,JJA,0.0
1979-08,1979,JAS,0.2
1979-09,1979,ASO,0.4
1979-10,1979,SON,0.5
1979-11,1979,OND,0.5
1979-12,1979,NDJ,0.7
1980-01,1980,DJF,0.6
1980-02,1980,JFM,0.5
1980-03,1980,FMA,0.3
1980-04,1980,MAM,0.2
1980-05,1980,AMJ,0.3
1980-06,1980,MJJ,0.3
1980-07,1980,JJA,0.2
1980-08,1980,JAS,0.0
1980-09,1980,ASO,0.0
1980-10,1980,SON,0.1
1980-11,1980,OND,0.2
1980-12,1980,NDJ,0.2
1981-01,1981,DJF,0.0
1981-02,1981,JFM,-0.3
1981-03,1981,FMA,-0.3
1981-04,1981,MAM,-0.3
1981-05,1981,AMJ,-0.3
1981-06,1981,MJJ,-0.3
1981-07,1981,JJA,-0.3
1981-08,1981,JAS,-0.2
1981-09,1981,ASO,-0.1
1981-10,1981,SON,-0.2
1981-11,1981,OND,-0.2
1981-12,1981,NDJ,0.0
1982-01,1982,DJF,0.1
1982-02,1982,JFM,0.3
1982-03,1982,FMA,0.4
1982-04,1982,MAM,0.6
1982-05,1982,AMJ,0.8
1982-06,1982,MJJ,0.8
1982-07,1982,JJA,0.9
1982-08,1982,JAS,1.3
1982-09,1982,ASO,1.8
1982-10,1982,SON,2.2
1982-11,1982,OND,2.4
1982-12,1982,NDJ,2.5
1983-01,1983,DJF,2.5
1983-02,1983,JFM,2.2
1983-03,1983,FMA,1.7
1983-04,1983,MAM,1.4
1983-05,1983,AMJ,1.0
1983-06,1983,MJJ,0.6
1983-07,1983,JJA,0.1
1983-08,1983,JAS,-0.2
1983-09,1983,ASO,-0.6
1983-10,1983,SON,-0.9
1983-11,1983,OND,-1.1
1983-12,1983,NDJ,-1.0
1984-01,1984,DJF,-0.5
1984-02,1984,JFM,-0.3
1984-03,1984,FMA,-0.3
1984-04,1984,MAM,-0.5
1984-05,1984,AMJ,-0.6
1984-06,1984,MJJ,-0.4
1984-07,1984,JJA,-0.2
1984-08,1984,JAS,-0.1
1984-09,1984,ASO,-0.1
1984-10,1984,SON,-0.5
1984-11,1984,OND,-0.8
1984-12,1984,NDJ,-1.0
1985-01,1985,DJF,-0.8
1985-02,1985,JFM,-0.6
1985-03,1985,FMA,-0.6
1985-04,1985,MAM,-0.7
1985-05,1985,AMJ,-0.7
1985-06,1985,MJJ,-0.5
1985-07,1985,JJA,-0.4
1985-08,1985,JAS,-0.3
1985-09,1985,ASO,-0.2
1985-10,1985,SON,-0.2
1985-11,1985,OND,-0.1
1985-12,1985,NDJ,-0.2
1986-01,1986,DJF,-0.3
1986-02,1986,JFM,-0.3
1986-03,1986,FMA,-0.2
1986-04,1986,MAM,-0.1
1986-05,1986,AMJ,-0.1
1986-06,1986,MJJ,-0.1
1986-07,1986,JJA,0.3
1986-08,1986,JAS,0.6
1986-09,1986,ASO,0.9
1986-10,1986,SON,1.2
1986-11,1986,OND,1.4
1986-12,1986,NDJ,1.5
1987-01,1987,DJF,1.6
1987-02,1987,JFM,1.5
1987-03,1987,FMA,1.3
1987-04,1987,MAM,1.0
1987-05,1987,AMJ,0.9
1987-06,1987,MJJ,1.1
1987-07,1987,JJA,1.3
1987-08,1987,JAS,1.6
1987-09,1987,ASO,1.5
1987-10,1987,SON,1.3
1987-11,1987,OND,1.0
1987-12,1987,NDJ,0.9
1988-01,1988,DJF,0.7
1988-02,1988,JFM,0.3
1988-03,1988,FMA,-0.2
1988-04,1988,MAM,-0.7
1988-05,1988,AMJ,-1.4
1988-06,1988,MJJ,-1.7
1988-07,1988,JJA,-1.6
1988-08,1988,JAS,-1.3
1988-09,1988,ASO,-1.4
1988-10,1988,SON,-1.6
1988-11,1988,OND,-1.9
1988-12,1988,NDJ,-1.9
1989-01,1989,DJF,-1.7
1989-02,1989,JFM,-1.4
1989-03,1989,FMA,-1.1
1989-04,1989,MAM,-0.8
1989-05,1989,AMJ,-0.6
1989-06,1989,MJJ,-0.4
1989-07,1989,JJA,-0.3
1989-08,1989,JAS,-0.3
1989-09,1989,ASO,-0.2
1989-10,1989,SON,-0.2
1989-11,1989,OND,-0.1
1989-12,1989,NDJ,0.0
1990-01,1990,DJF,0.2
1990-02,1990,JFM,0.3
1990-03,1990,FMA,0.3
1990-04,1990,MAM,0.3
1990-05,1990,AMJ,0.2
1990-06,1990,MJJ,0.2
1990-07,1990,JJA,0.3
1990-08,1990,JAS,0.4
1990-09,1990,ASO,0.4
1990-10,1990,SON,0.4
1990-11,1990,OND,0.4
1990-12,1990,NDJ,0.5
1991-01,1991,DJF,0.6
1991-02,1991,JFM,0.5
1991-03,1991,FMA,0.4
1991-04,1991,MAM,0.4
1991-05,1991,AMJ,0.5
1991-06,1991,MJJ,0.7
1991-07,1991,JJA,0.8
1991-08,1991,JAS,0.8
1991-09,1991,ASO,0.9
1991-10,1991,SON,1.2
1991-11,1991,OND,1.7
1991-12,1991,NDJ,2.1
1992-01,1992,DJF,2.3
1992-02,1992,JFM,2.2
1992-03,1992,FMA,2.0
1992-04,1992,MAM,1.7
1992-05,1992,AMJ,1.4
1992-06,1992,MJJ,0.9
1992-07,1992,JJA,0.5
1992-08,1992,JAS,0.3
1992-09,1992,ASO,0.2
1992-10,1992,SON,0.1
1992-11,1992,OND,0.1
1992-12,1992,NDJ,0.3
1993-01,1993,DJF,0.5
1993-02,1993,JFM,0.7
1993-03,1993,FMA,0.9
1993-04,1993,MAM,1.0
1993-05,1993,AMJ,0.9
1993-06,1993,MJJ,0.7
1993-07,1993,JJA,0.5
1993-08,1993,JAS,0.5
1993-09,1993,ASO,0.5
1993-10,1993,SON,0.4
1993-11,1993,OND,0.3
1993-12,1993,NDJ,0.3
1994-01,1994,DJF,0.3
1994-02,1994,JFM,0.3
1994-03,1994,FMA,0.4
1994-04,1994,MAM,0.5
1994-05,1994,AMJ,0.6
1994-06,1994,MJJ,0.6
1994-07,1994,JJA,0.7
1994-08,1994,JAS,0.8
1994-09,1994,ASO,1.0
1994-10,1994,SON,1.1
1994-11,1994,OND,1.3
1994-12,1994,NDJ,1.4
1995-01,1995,DJF,1.3
1995-02,1995,JFM,1.0
1995-03,1995,FMA,0.7
1995-04,1995,MAM,0.4
1995-05,1995,AMJ,0.1
1995-06,1995,MJJ,-0.1
1995-07,1995,JJA,-0.3
1995-08,1995,JAS,-0.5
1995-09,1995,ASO,-0.7
1995-10,1995,SON,-0.9
1995-11,1995,OND,-0.9
1995-12,1995,NDJ,-0.9
1996-01,1996,DJF,-0.9
1996-02,1996,JFM,-0.8
1996-03,1996,FMA,-0.6
1996-04,1996,MAM,-0.4
1996-05,1996,AMJ,-0.3
1996-06,1996,MJJ,-0.3
1996-07,1996,JJA,-0.2
1996-08,1996,JAS,-0.2
1996-09,1996,ASO,-0.2
1996-10,1996,SON,-0.3
1996-11,1996,OND,-0.3
1996-12,1996,NDJ,-0.3
1997-01,1997,DJF,-0.2
1997-02,1997,JFM,-0.1
1997-03,1997,FMA,0.2
1997-04,1997,MAM,0.5
1997-05,1997,AMJ,1.0
1997-06,1997,MJJ,1.3
1997-07,1997,JJA,1.7
1997-08,1997,JAS,2.0
1997-09,1997,ASO,2.3
1997-10,1997,SON,2.4
1997-11,1997,OND,2.4
1997-12,1997,NDJ,2.3
1998-01,1998,DJF,2.2
1998-02,1998,JFM,1.8
1998-03,1998,FMA,1.3
1998-04,1998,MAM,0.8
1998-05,1998,AMJ,0.1
1998-06,1998,MJJ,-0.5
1998-07,1998,JJA,-1.2
1998-08,1998,JAS,-1.4
1998-09,1998,ASO,-1.5
1998-10,1998,SON,-1.5
1998-11,1998,OND,-1.6
1998-12,1998,NDJ,-1.6
1999-01,1999,DJF,-1.5
1999-02,1999,JFM,-1.3
1999-03,1999,FMA,-1.1
1999-04,1999,MAM,-1.0
1999-05,1999,AMJ,-1.0
1999-06,1999,MJJ,-1.0
1999-07,1999,JJA,-1.0
1999-08,1999,JAS,-1.0
1999-09,1999,ASO,-1.0
1999-10,1999,SON,-1.1
1999-11,1999,OND,-1.4
1999-12,1999,NDJ,-1.6
2000-01,2000,DJF,-1.7
2000-02,2000,JFM,-1.4
2000-03,2000,FMA,-1.1
2000-04,2000,MAM,-0.8
2000-05,2000,AMJ,-0.6
2000-06,2000,MJJ,-0.5
2000-07,2000,JJA,-0.4
2000-08,2000,JAS,-0.4
2000-09,2000,ASO,-0.4
2000-10,2000,SON,-0.6
2000-11,2000,OND,-0.7
2000-12,2000,NDJ,-0.7
2001-01,2001,DJF,-0.6
2001-02,2001,JFM,-0.5
2001-03,2001,FMA,-0.5
2001-04,2001,MAM,-0.5
2001-05,2001,AMJ,-0.3
2001-06,2001,MJJ,-0.1
2001-07,2001,JJA,0.0
2001-08,2001,JAS,0.0
2001-09,2001,ASO,0.0
2001-10,2001,SON,-0.2
2001-11,2001,OND,-0.2
2001-12,2001,NDJ,-0.3
2002-01,2002,DJF,-0.1
2002-02,2002,JFM,0.0
2002-03,2002,FMA,0.0
2002-04,2002,MAM,0.1
2002-05,2002,AMJ,0.4
2002-06,2002,MJJ,0.7
2002-07,2002,JJA,0.9
2002-08,2002,JAS,1.1
2002-09,2002,ASO,1.3
2002-10,2002,SON,1.4
2002-11,2002,OND,1.5
2002-12,2002,NDJ,1.2
2003-01,2003,DJF,0.9
2003-02,2003,JFM,0.5
2003-03,2003,FMA,0.2
2003-04,2003,MAM,-0.2
2003-05,2003,AMJ,-0.4
2003-06,2003,MJJ,-0.3
2003-07,2003,JJA,0.0
2003-08,2003,JAS,0.2
2003-09,2003,ASO,0.2
2003-10,2003,SON,0.2
2003-11,2003,OND,0.3
2003-12,2003,NDJ,0.3
2004-01,2004,DJF,0.3
2004-02,2004,JFM,0.1
2004-03,2004,FMA,0.1
2004-04,2004,MAM,0.2
2004-05,2004,AMJ,0.3
2004-06,2004,MJJ,0.5
2004-07,2004,JJA,0.7
2004-08,2004,JAS,0.8
2004-09,2004,ASO,0.9
2004-10,2004,SON,0.8
2004-11,2004,OND,0.7
2004-12,2004,NDJ,0.7
2005-01,2005,DJF,0.6
2005-02,2005,JFM,0.4
2005-03,2005,FMA,0.3
2005-04,2005,MAM,0.3
2005-05,2005,AMJ,0.2
2005-06,2005,MJJ,0.0
2005-07,2005,JJA,-0.1
2005-08,2005,JAS,-0.1
2005-09,2005,ASO,0.0
2005-10,2005,SON,-0.2
2005-11,2005,OND,-0.5
2005-12,2005,NDJ,-0.8
2006-01,2006,DJF,-0.9
2006-02,2006,JFM,-0.9
2006-03,2006,FMA,-0.6
2006-04,2006,MAM,-0.4
2006-05,2006,AMJ,-0.1
2006-06,2006,MJJ,0.0
2006-07,2006,JJA,0.1
2006-08,2006,JAS,0.3
2006-09,2006,ASO,0.5
2006-10,2006,SON,0.8
2006-11,2006,OND,0.9
2006-12,2006,NDJ,0.9
2007-01,2007,DJF,0.6
2007-02,2007,JFM,0.2
2007-03,2007,FMA,-0.2
2007-04,2007,MAM,-0.4
2007-05,2007,AMJ,-0.4
2007-06,2007,MJJ,-0.5
2007-07,2007,JJA,-0.6
2007-08,2007,JAS,-0.8
2007-09,2007,ASO,-1.0
2007-10,2007,SON,-1.3
2007-11,2007,OND,-1.4
2007-12,2007,NDJ,-1.5
2008-01,2008,DJF,-1.6
2008-02,2008,JFM,-1.5
2008-03,2008,FMA,-1.3
2008-04,2008,MAM,-0.9
2008-05,2008,AMJ,-0.8
2008-06,2008,MJJ,-0.5
2008-07,2008,JJA,-0.3
2008-08,2008,JAS,-0.2
2008-09,2008,ASO,-0.3
2008-10,2008,SON,-0.4
2008-11,2008,OND,-0.6
2008-12,2008,NDJ,-0.8
2009-01,2009,DJF,-0.9
2009-02,2009,JFM,-0.8
2009-03,2009,FMA,-0.7
2009-04,2009,MAM,-0.4
2009-05,2009,AMJ,-0.1
2009-06,2009,MJJ,0.1
2009-07,2009,JJA,0.3
2009-08,2009,JAS,0.4
2009-09,2009,ASO,0.6
2009-10,2009,SON,0.9
2009-11,2009,OND,1.3
2009-12,2009,NDJ,1.6
2010-01,2010,DJF,1.5
2010-02,2010,JFM,1.1
2010-03,2010,FMA,0.6
2010-04,2010,MAM,0.1
2010-05,2010,AMJ,-0.5
2010-06,2010,MJJ,-1.0
2010-07,2010,JJA,-1.3
2010-08,2010,JAS,-1.5
2010-09,2010,ASO,-1.7
2010-10,2010,SON,-1.7
2010-11,2010,OND,-1.7
2010-12,2010,NDJ,-1.6
2011-01,2011,DJF,-1.4
2011-02,2011,JFM,-1.2
2011-03,2011,FMA,-0.9
2011-04,2011,MAM,-0.7
2011-05,2011,AMJ,-0.5
2011-06,2011,MJJ,-0.3
2011-07,2011,JJA,-0.4
2011-08,2011,JAS,-0.5
2011-09,2011,ASO,-0.7
2011-10,2011,SON,-0.9
2011-11,2011,OND,-1.0
2011-12,2011,NDJ,-1.0
2012-01,2012,DJF,-0.8
2012-02,2012,JFM,-0.6
2012-03,2012,FMA,-0.6
2012-04,2012,MAM,-0.5
2012-05,2012,AMJ,-0.3
2012-06,2012,MJJ,0.0
2012-07,2012,JJA,0.3
2012-08,2012,JAS,0.4
2012-09,2012,ASO,0.4
2012-10,2012,SON,0.2
2012-11,2012,OND,-0.1
2012-12,2012,NDJ,-0.4
2013-01,2013,DJF,-0.6
2013-02,2013,JFM,-0.6
2013-03,2013,FMA,-0.5
2013-04,2013,MAM,-0.4
2013-05,2013,AMJ,-0.4
2013-06,2013,MJJ,-0.4
2013-07,2013,JJA,-0.4
2013-08,2013,JAS,-0.3
2013-09,2013,ASO,-0.3
2013-10,2013,SON,-0.2
2013-11,2013,OND,-0.2
2013-12,2013,NDJ,-0.3
2014-01,2014,DJF,-0.5
2014-02,2014,JFM,-0.5
2014-03,2014,FMA,-0.3
2014-04,2014,MAM,0.0
2014-05,2014,AMJ,0.1
2014-06,2014,MJJ,0.0
2014-07,2014,JJA,-0.1
2014-08,2014,JAS,-0.1
2014-09,2014,ASO,0.1
2014-10,2014,SON,0.4
2014-11,2014,OND,0.5
2014-12,2014,NDJ,0.6
2015-01,2015,DJF,0.5
2015-02,2015,JFM,0.4
2015-03,2015,FMA,0.5
2015-04,2015,MAM,0.6
2015-05,2015,AMJ,0.8
2015-06,2015,MJJ,1.0
2015-07,2015,JJA,1.3
2015-08,2015,JAS,1.6
2015-09,2015,ASO,1.9
2015-10,2015,SON,2.2
2015-11,2015,OND,2.3
2015-12,2015,NDJ,2.4
2016-01,2016,DJF,2.2
2016-02,2016,JFM,1.8
2016-03,2016,FMA,1.3
2016-04,2016,MAM,0.5
2016-05,2016,AMJ,-0.1
2016-06,2016,MJJ,-0.6
2016-07,2016,JJA,-0.9
2016-08,2016,JAS,-1.0
2016-09,2016,ASO,-1.1
2016-10,2016,SON,-1.1
2016-11,2016,OND,-1.1
2016-12,2016,NDJ,-1.0
2017-01,2017,DJF,-0.7
2017-02,2017,JFM,-0.5
2017-03,2017,FMA,-0.3
2017-04,2017,MAM,-0.1
2017-05,2017,AMJ,0.1
2017-06,2017,MJJ,0.1
2017-07,2017,JJA,-0.2
2017-08,2017,JAS,-0.5
2017-09,2017,ASO,-0.7
2017-10,2017,SON,-1.0
2017-11,2017,OND,-1.1
2017-12,2017,NDJ,-1.3
2018-01,2018,DJF,-1.1
2018-02,2018,JFM,-1.0
2018-03,2018,FMA,-0.9
2018-04,2018,MAM,-0.7
2018-05,2018,AMJ,-0.3
2018-06,2018,MJJ,0.0
2018-07,2018,JJA,0.1
2018-08,2018,JAS,0.2
2018-09,2018,ASO,0.4
2018-10,2018,SON,0.7
2018-11,2018,OND,0.8
2018-12,2018,NDJ,0.7
2019-01,2019,DJF,0.6
2019-02,2019,JFM,0.6
2019-03,2019,FMA,0.6
2019-04,2019,MAM,0.5
2019-05,2019,AMJ,0.3
2019-06,2019,MJJ,0.2
2019-07,2019,JJA,0.0
2019-08,2019,JAS,-0.1
2019-09,2019,ASO,0.0
2019-10,2019,SON,0.1
2019-11,2019,OND,0.2
2019-12,2019,NDJ,0.2
2020-01,2020,DJF,0.1
2020-02,2020,JFM,0.1
2020-03,2020,FMA,0.0
2020-04,2020,MAM,-0.3
2020-05,2020,AMJ,-0.6
2020-06,2020,MJJ,-0.8
2020-07,2020,JJA,-0.8
2020-08,2020,JAS,-0.9
2020-09,2020,ASO,-1.2
2020-10,2020,SON,-1.5
2020-11,2020,OND,-1.5
2020-12,2020,NDJ,-1.4
2021-01,2021,DJF,-1.2
2021-02,2021,JFM,-1.0
2021-03,2021,FMA,-1.0
2021-04,2021,MAM,-0.8
2021-05,2021,AMJ,-0.6
2021-06,2021,MJJ,-0.5
2021-07,2021,JJA,-0.6
2021-08,2021,JAS,-0.7
2021-09,2021,ASO,-0.9
2021-10,2021,SON,-1.1
2021-11,2021,OND,-1.2
2021-12,2021,NDJ,-1.2
2022-01,2022,DJF,-1.2
2022-02,2022,JFM,-1.2
2022-03,2022,FMA,-1.3
2022-04,2022,MAM,-1.3
2022-05,2022,AMJ,-1.2
2022-06,2022,MJJ,-1.0
2022-07,2022,JJA,-0.9
2022-08,2022,JAS,-1.0
2022-09,2022,ASO,-1.1
2022-10,2022,SON,-1.1
2022-11,2022,OND,-1.0
2022-12,2022,NDJ,-1.0
2023-01,2023,DJF,-0.8
2023-02,2023,JFM,-0.6
2023-03,2023,FMA,-0.4
2023-04,2023,MAM,-0.2
2023-05,2023,AMJ,0.1
2023-06,2023,MJJ,0.4
2023-07,2023,JJA,0.6
2023-08,2023,JAS,0.9
2023-09,2023,ASO,1.1
2023-10,2023,SON,1.4
2023-11,2023,OND,1.5
2023-12,2023,NDJ,1.5
2024-01,2024,DJF,1.2
2024-02,2024,JFM,0.9
2024-03,2024,FMA,0.5
2024-04,2024,MAM,0.1
2024-05,2024,AMJ,-0.3
2024-06,2024,MJJ,-0.5
2024-07,2024,JJA,-0.5
2024-08,2024,JAS,-0.6
2024-09,2024,ASO,-0.8
2024-10,2024,SON,-0.8
2024-11,2024,OND,-0.9
2024-12,2024,NDJ,-1.1
2025-01,2025,DJF,-1.1
2025-02,2025,JFM,-0.9
2025-03,2025,FMA,-0.7
2025-04,2025,MAM,-0.5
2025-05,2025,AMJ,-0.5
2025-06,2025,MJJ,-0.4
2025-07,2025,JJA,-0.5
2025-08,2025,JAS,-0.6
2025-09,2025,ASO,-0.8
2025-10,2025,SON,-0.9
2025-11,2025,OND,-0.9
2025-12,2025,NDJ,-1.0
2026-01,2026,DJF,-0.9
2026-02,2026,JFM,-0.7
